book_id,title,author_id,author_name,genre,difficulty,length_group,age_group,description
b_001,Тайна дракона,a_001,А. Ветров,Фэнтези,Начальный,Длинная,15–17,"Учебная книга жанра «фэнтези». Уровень: начальный, объём: длинная."
b_002,Дело закрытой комнаты,a_008,П. Романов,Детектив,Средний,Короткая,18+,"Учебная книга жанра «детектив». Уровень: средний, объём: короткая."
b_003,Сигнал за горизонтом,a_015,Ю. Казакова,Научная фантастика,Средний,Длинная,18+,"Учебная книга жанра «научная фантастика». Уровень: средний, объём: длинная."
b_004,Остров древнего города,a_002,М. Орлова,Приключения,Продвинутый,Средняя,12–14,"Учебная книга жанра «приключения». Уровень: продвинутый, объём: средняя."
b_005,Люди революций,a_010,С. Крылов,История,Средний,Средняя,12–14,"Учебная книга жанра «история». Уровень: средний, объём: средняя."
b_006,Как устроена Вселенная,a_017,Г. Никитина,Научпоп,Продвинутый,Средняя,18+,"Учебная книга жанра «научпоп». Уровень: продвинутый, объём: средняя."
b_007,Сила привычек,a_004,Е. Соколова,Психология,Средний,Короткая,12–14,"Учебная книга жанра «психология». Уровень: средний, объём: короткая."
b_008,Лето на окраине,a_011,Т. Зорина,Современная проза,Средний,Длинная,18+,"Учебная книга жанра «современная проза». Уровень: средний, объём: длинная."
b_009,Песнь дракона,a_019,А. Назарова,Фэнтези,Начальный,Длинная,18+,"Учебная книга жанра «фэнтези». Уровень: начальный, объём: длинная."
b_010,След закрытой комнаты,a_006,Д. Морозов,Детектив,Средний,Средняя,18+,"Учебная книга жанра «детектив». Уровень: средний, объём: средняя."
b_011,Орбита за горизонтом,a_013,Л. Миронова,Научная фантастика,Продвинутый,Короткая,15–17,"Учебная книга жанра «научная фантастика». Уровень: продвинутый, объём: короткая."
b_012,Маршрут древнего города,a_020,М. Павлов,Приключения,Средний,Средняя,12–14,"Учебная книга жанра «приключения». Уровень: средний, объём: средняя."
b_013,Город революций,a_008,П. Романов,История,Продвинутый,Длинная,15–17,"Учебная книга жанра «история». Уровень: продвинутый, объём: длинная."
b_014,Мир Вселенная,a_015,Ю. Казакова,Научпоп,Продвинутый,Длинная,15–17,"Учебная книга жанра «научпоп». Уровень: продвинутый, объём: длинная."
b_015,Навык привычек,a_002,М. Орлова,Психология,Продвинутый,Короткая,15–17,"Учебная книга жанра «психология». Уровень: продвинутый, объём: короткая."
b_016,Дом на окраине,a_009,О. Фёдорова,Современная проза,Начальный,Короткая,12–14,"Учебная книга жанра «современная проза». Уровень: начальный, объём: короткая."
b_017,Хроники дракона,a_017,Г. Никитина,Фэнтези,Продвинутый,Средняя,12–14,"Учебная книга жанра «фэнтези». Уровень: продвинутый, объём: средняя."
b_018,Загадка закрытой комнаты,a_004,Е. Соколова,Детектив,Продвинутый,Короткая,12–14,"Учебная книга жанра «детектив». Уровень: продвинутый, объём: короткая."
b_019,Колония за горизонтом,a_011,Т. Зорина,Научная фантастика,Средний,Длинная,18+,"Учебная книга жанра «научная фантастика». Уровень: средний, объём: длинная."
b_020,Карта древнего города,a_018,Ф. Сергеев,Приключения,Средний,Короткая,18+,"Учебная книга жанра «приключения». Уровень: средний, объём: короткая."
b_021,Эпоха революций,a_006,Д. Морозов,История,Продвинутый,Короткая,18+,"Учебная книга жанра «история». Уровень: продвинутый, объём: короткая."
b_022,Краткая история Вселенная,a_013,Л. Миронова,Научпоп,Начальный,Длинная,15–17,"Учебная книга жанра «научпоп». Уровень: начальный, объём: длинная."
b_023,Путь привычек,a_020,М. Павлов,Психология,Начальный,Длинная,15–17,"Учебная книга жанра «психология». Уровень: начальный, объём: длинная."
b_024,Письма на окраине,a_007,К. Волкова,Современная проза,Средний,Короткая,12–14,"Учебная книга жанра «современная проза». Уровень: средний, объём: короткая."
b_025,Легенда дракона,a_015,Ю. Казакова,Фэнтези,Средний,Длинная,15–17,"Учебная книга жанра «фэнтези». Уровень: средний, объём: длинная."
b_026,Тень закрытой комнаты,a_002,М. Орлова,Детектив,Средний,Короткая,18+,"Учебная книга жанра «детектив». Уровень: средний, объём: короткая."
b_027,Предел за горизонтом,a_009,О. Фёдорова,Научная фантастика,Средний,Средняя,12–14,"Учебная книга жанра «научная фантастика». Уровень: средний, объём: средняя."
b_028,Путь древнего города,a_016,Б. Тихонов,Приключения,Средний,Средняя,12–14,"Учебная книга жанра «приключения». Уровень: средний, объём: средняя."
b_029,Дорога революций,a_004,Е. Соколова,История,Продвинутый,Короткая,12–14,"Учебная книга жанра «история». Уровень: продвинутый, объём: короткая."
b_030,Почему работает Вселенная,a_011,Т. Зорина,Научпоп,Средний,Короткая,12–14,"Учебная книга жанра «научпоп». Уровень: средний, объём: короткая."
b_031,Практика привычек,a_018,Ф. Сергеев,Психология,Продвинутый,Короткая,18+,"Учебная книга жанра «психология». Уровень: продвинутый, объём: короткая."
b_032,Город на окраине,a_005,Н. Белова,Современная проза,Начальный,Короткая,15–17,"Учебная книга жанра «современная проза». Уровень: начальный, объём: короткая."
b_033,Башня дракона,a_013,Л. Миронова,Фэнтези,Продвинутый,Средняя,15–17,"Учебная книга жанра «фэнтези». Уровень: продвинутый, объём: средняя."
b_034,Исчезновение закрытой комнаты,a_020,М. Павлов,Детектив,Средний,Короткая,12–14,"Учебная книга жанра «детектив». Уровень: средний, объём: короткая."
b_035,Экспедиция за горизонтом,a_007,К. Волкова,Научная фантастика,Начальный,Короткая,18+,"Учебная книга жанра «научная фантастика». Уровень: начальный, объём: короткая."
b_036,Сокровище древнего города,a_014,Р. Данилов,Приключения,Продвинутый,Длинная,12–14,"Учебная книга жанра «приключения». Уровень: продвинутый, объём: длинная."
b_037,Свидетели революций,a_002,М. Орлова,История,Продвинутый,Короткая,15–17,"Учебная книга жанра «история». Уровень: продвинутый, объём: короткая."
b_038,Наука о Вселенная,a_009,О. Фёдорова,Научпоп,Продвинутый,Короткая,15–17,"Учебная книга жанра «научпоп». Уровень: продвинутый, объём: короткая."
b_039,Понимание привычек,a_016,Б. Тихонов,Психология,Продвинутый,Средняя,15–17,"Учебная книга жанра «психология». Уровень: продвинутый, объём: средняя."
b_040,Окна на окраине,a_003,И. Лебедев,Современная проза,Средний,Средняя,12–14,"Учебная книга жанра «современная проза». Уровень: средний, объём: средняя."
b_041,Тайна дракона 2,a_011,Т. Зорина,Фэнтези,Средний,Длинная,15–17,"Учебная книга жанра «фэнтези». Уровень: средний, объём: длинная."
b_042,Дело закрытой комнаты 2,a_018,Ф. Сергеев,Детектив,Продвинутый,Длинная,18+,"Учебная книга жанра «детектив». Уровень: продвинутый, объём: длинная."
b_043,Сигнал за горизонтом 2,a_005,Н. Белова,Научная фантастика,Начальный,Длинная,18+,"Учебная книга жанра «научная фантастика». Уровень: начальный, объём: длинная."
b_044,Остров древнего города 2,a_012,В. Громов,Приключения,Средний,Короткая,12–14,"Учебная книга жанра «приключения». Уровень: средний, объём: короткая."
b_045,Люди революций 2,a_020,М. Павлов,История,Начальный,Средняя,18+,"Учебная книга жанра «история». Уровень: начальный, объём: средняя."
b_046,Как устроена Вселенная 2,a_007,К. Волкова,Научпоп,Начальный,Длинная,15–17,"Учебная книга жанра «научпоп». Уровень: начальный, объём: длинная."
b_047,Сила привычек 2,a_014,Р. Данилов,Психология,Средний,Длинная,12–14,"Учебная книга жанра «психология». Уровень: средний, объём: длинная."
b_048,Лето на окраине 2,a_001,А. Ветров,Современная проза,Продвинутый,Средняя,15–17,"Учебная книга жанра «современная проза». Уровень: продвинутый, объём: средняя."
b_049,Песнь дракона 2,a_009,О. Фёдорова,Фэнтези,Начальный,Средняя,12–14,"Учебная книга жанра «фэнтези». Уровень: начальный, объём: средняя."
b_050,След закрытой комнаты 2,a_016,Б. Тихонов,Детектив,Средний,Длинная,15–17,"Учебная книга жанра «детектив». Уровень: средний, объём: длинная."
b_051,Орбита за горизонтом 2,a_003,И. Лебедев,Научная фантастика,Начальный,Средняя,12–14,"Учебная книга жанра «научная фантастика». Уровень: начальный, объём: средняя."
b_052,Маршрут древнего города 2,a_010,С. Крылов,Приключения,Начальный,Длинная,12–14,"Учебная книга жанра «приключения». Уровень: начальный, объём: длинная."
b_053,Город революций 2,a_018,Ф. Сергеев,История,Продвинутый,Короткая,12–14,"Учебная книга жанра «история». Уровень: продвинутый, объём: короткая."
b_054,Мир Вселенная 2,a_005,Н. Белова,Научпоп,Продвинутый,Средняя,15–17,"Учебная книга жанра «научпоп». Уровень: продвинутый, объём: средняя."
b_055,Навык привычек 2,a_012,В. Громов,Психология,Начальный,Короткая,12–14,"Учебная книга жанра «психология». Уровень: начальный, объём: короткая."
b_056,Дом на окраине 2,a_019,А. Назарова,Современная проза,Продвинутый,Средняя,18+,"Учебная книга жанра «современная проза». Уровень: продвинутый, объём: средняя."
b_057,Хроники дракона 2,a_007,К. Волкова,Фэнтези,Начальный,Средняя,18+,"Учебная книга жанра «фэнтези». Уровень: начальный, объём: средняя."
b_058,Загадка закрытой комнаты 2,a_014,Р. Данилов,Детектив,Средний,Короткая,15–17,"Учебная книга жанра «детектив». Уровень: средний, объём: короткая."
b_059,Колония за горизонтом 2,a_001,А. Ветров,Научная фантастика,Продвинутый,Короткая,18+,"Учебная книга жанра «научная фантастика». Уровень: продвинутый, объём: короткая."
b_060,Карта древнего города 2,a_008,П. Романов,Приключения,Начальный,Длинная,15–17,"Учебная книга жанра «приключения». Уровень: начальный, объём: длинная."
b_061,Эпоха революций 2,a_016,Б. Тихонов,История,Средний,Длинная,12–14,"Учебная книга жанра «история». Уровень: средний, объём: длинная."
b_062,Краткая история Вселенная 2,a_003,И. Лебедев,Научпоп,Продвинутый,Короткая,15–17,"Учебная книга жанра «научпоп». Уровень: продвинутый, объём: короткая."
b_063,Путь привычек 2,a_010,С. Крылов,Психология,Средний,Длинная,12–14,"Учебная книга жанра «психология». Уровень: средний, объём: длинная."
b_064,Письма на окраине 2,a_017,Г. Никитина,Современная проза,Начальный,Длинная,18+,"Учебная книга жанра «современная проза». Уровень: начальный, объём: длинная."
b_065,Легенда дракона 2,a_005,Н. Белова,Фэнтези,Начальный,Короткая,15–17,"Учебная книга жанра «фэнтези». Уровень: начальный, объём: короткая."
b_066,Тень закрытой комнаты 2,a_012,В. Громов,Детектив,Продвинутый,Короткая,12–14,"Учебная книга жанра «детектив». Уровень: продвинутый, объём: короткая."
b_067,Предел за горизонтом 2,a_019,А. Назарова,Научная фантастика,Средний,Средняя,12–14,"Учебная книга жанра «научная фантастика». Уровень: средний, объём: средняя."
b_068,Путь древнего города 2,a_006,Д. Морозов,Приключения,Продвинутый,Длинная,12–14,"Учебная книга жанра «приключения». Уровень: продвинутый, объём: длинная."
b_069,Дорога революций 2,a_014,Р. Данилов,История,Средний,Короткая,15–17,"Учебная книга жанра «история». Уровень: средний, объём: короткая."
b_070,Почему работает Вселенная 2,a_001,А. Ветров,Научпоп,Средний,Длинная,18+,"Учебная книга жанра «научпоп». Уровень: средний, объём: длинная."
b_071,Практика привычек 2,a_008,П. Романов,Психология,Средний,Короткая,12–14,"Учебная книга жанра «психология». Уровень: средний, объём: короткая."
b_072,Город на окраине 2,a_015,Ю. Казакова,Современная проза,Средний,Короткая,18+,"Учебная книга жанра «современная проза». Уровень: средний, объём: короткая."
b_073,Башня дракона 2,a_003,И. Лебедев,Фэнтези,Продвинутый,Длинная,12–14,"Учебная книга жанра «фэнтези». Уровень: продвинутый, объём: длинная."
b_074,Исчезновение закрытой комнаты 2,a_010,С. Крылов,Детектив,Продвинутый,Средняя,12–14,"Учебная книга жанра «детектив». Уровень: продвинутый, объём: средняя."
b_075,Экспедиция за горизонтом 2,a_017,Г. Никитина,Научная фантастика,Средний,Средняя,15–17,"Учебная книга жанра «научная фантастика». Уровень: средний, объём: средняя."
b_076,Сокровище древнего города 2,a_004,Е. Соколова,Приключения,Средний,Длинная,18+,"Учебная книга жанра «приключения». Уровень: средний, объём: длинная."
b_077,Свидетели революций 2,a_012,В. Громов,История,Начальный,Длинная,18+,"Учебная книга жанра «история». Уровень: начальный, объём: длинная."
b_078,Наука о Вселенная 2,a_019,А. Назарова,Научпоп,Начальный,Короткая,18+,"Учебная книга жанра «научпоп». Уровень: начальный, объём: короткая."
b_079,Понимание привычек 2,a_006,Д. Морозов,Психология,Продвинутый,Короткая,15–17,"Учебная книга жанра «психология». Уровень: продвинутый, объём: короткая."
b_080,Окна на окраине 2,a_013,Л. Миронова,Современная проза,Средний,Короткая,12–14,"Учебная книга жанра «современная проза». Уровень: средний, объём: короткая."
